<?xml version="1.0" encoding="UTF-8"?>
<project-private xmlns="http://www.netbeans.org/ns/project-private/1">
    <editor-bookmarks xmlns="http://www.netbeans.org/ns/editor-bookmarks/2" lastBookmarkId="0"/>
    <open-files xmlns="http://www.netbeans.org/ns/projectui-open-files/2">
        <group>
            <file>file:/C:/projetos/aulas/AgendaJDBC/src/br/ufpr/tads/agenda/Conexao.java</file>
            <file>file:/C:/projetos/aulas/AgendaJDBC/src/br/ufpr/tads/agenda/AgendaFrame.java</file>
        </group>
    </open-files>
</project-private>
